latitude,longitude,depth,ew,ns,ew_error,ns_error,ew_normal,ns_normal,ud_normal
42.0013,138.9992,-205.593,-0.00133,0.000484,0.140645,0.151854,-0.5588,0.021628,0.829018
42.00133,139.3663,-185.068,-0.00133,0.000484,0.115126,0.126572,-0.59019,0.017123,0.807086
42.00134,139.6994,-163.428,0.000484,0.001329,0.084391,0.094627,-0.54523,-0.00444,0.838277
42.00136,140.0665,-146.611,0.000986,0.000252,0.072528,0.079377,-0.50114,0.03094,0.864813
42.00136,140.4326,-128.184,0.001329,-0.00048,0.067298,0.068807,-0.52867,0.04641,0.84756
42.00137,140.7997,-108.667,0.001329,-0.00048,0.065887,0.061434,-0.50665,0.04459,0.860999
42.00137,141.1328,-94.0122,0.001329,-0.00048,0.065774,0.057087,-0.43279,0.069139,0.898841
42.00137,141.4999,-80.6968,-0.00048,-0.00133,0.064218,0.055286,-0.3346,0.11448,0.935382
42.00137,141.867,-72.2145,-0.00048,-0.00133,0.059468,0.056325,-0.23894,0.181048,0.954008
42.00137,142.2001,-66.1518,-0.00133,0.000484,0.056143,0.064559,-0.22904,0.2257,0.946889
42.00137,142.5671,-58.2204,-0.00133,0.000484,0.059185,0.080703,-0.32519,0.227659,0.917837
42.00137,142.9332,-44.7343,-0.00133,0.000484,0.071276,0.102553,-0.33226,0.16463,0.928708
42.00137,143.3003,-36.6094,-0.00133,0.000484,0.09173,0.128721,-0.16008,0.151577,0.975397
42.00136,143.6334,-36.1496,-0.00125,0.00052,0.13001,0.170583,-0.00762,0.198797,0.980011
42.00136,144.0005,-36.4532,0.001329,-0.00048,0.157599,0.199466,0.003951,0.267252,0.963619
41.7011,138.9993,-205.509,-0.00133,0.000484,0.120543,0.129224,-0.55871,0.028029,0.828887
41.70113,139.3664,-184.619,-0.00018,0.003993,0.095878,0.104839,-0.5714,0.009855,0.820614
41.70115,139.6995,-164.612,0.01317,0.003306,0.06689,0.075037,-0.5504,-0.01273,0.834807
41.70116,140.0666,-145.663,0.028497,-0.0006,0.055997,0.061452,-0.52666,0.007343,0.850045
41.70117,140.4326,-126.629,0.044304,-0.00977,0.051223,0.052458,-0.52975,0.014368,0.84803
41.70117,140.7997,-107.382,0.047368,-0.02274,0.049917,0.046373,-0.51452,0.009758,0.857421
41.70117,141.1328,-91.6712,0.028681,-0.0353,0.050111,0.042793,-0.46938,0.032167,0.882412
41.70117,141.4999,-76.8118,-0.00631,-0.04099,0.049401,0.041031,-0.39882,0.083354,0.913234
41.70117,141.867,-65.794,-0.0386,-0.03504,0.045689,0.041512,-0.31395,0.158414,0.936131
41.70117,142.2,-58.0758,-0.05687,-0.0235,0.042416,0.049194,-0.27035,0.211253,0.9393
41.70117,142.5671,-49.4012,-0.06182,-0.01159,0.044361,0.064685,-0.29075,0.217999,0.931634
41.70117,142.9332,-38.9791,-0.05476,-0.00317,0.055158,0.08569,-0.27288,0.165374,0.947729
41.70117,143.3003,-31.6665,-0.03993,0.000496,0.07495,0.111279,-0.17405,0.147057,0.973694
41.70116,143.6334,-29.0461,-0.01728,0.001601,0.112007,0.151936,-0.0819,0.182276,0.979831
41.70116,144.0005,-27.214,-0.00133,0.000484,0.138814,0.180087,-0.06607,0.238292,0.968943
41.43424,138.9994,-204.987,-0.00133,0.000484,0.097518,0.101534,-0.54519,0.04493,0.837111
41.43427,139.3664,-184.879,0.00341,0.004133,0.074967,0.079163,-0.5534,0.011282,0.832837
41.43428,139.6995,-166.055,0.028481,0.001134,0.048872,0.052706,-0.5461,-0.01143,0.837645
41.4343,140.0666,-146.528,0.056502,-0.00671,0.039747,0.04225,-0.53183,-0.01403,0.846734
41.4343,140.4327,-127.467,0.084062,-0.02345,0.035552,0.036265,-0.52623,-0.02065,0.85009
41.43431,140.7997,-108.565,0.088191,-0.04741,0.033711,0.032442,-0.51798,-0.02824,0.854925
41.43431,141.1328,-92.0346,0.056025,-0.07179,0.033675,0.030503,-0.49696,-0.0089,0.867726
41.43431,141.4999,-75.1714,-0.00607,-0.08552,0.034389,0.029648,-0.44995,0.049462,0.891685
41.43431,141.867,-61.2566,-0.0669,-0.0772,0.03364,0.029511,-0.3721,0.128719,0.919226
41.43431,142.2,-51.561,-0.10446,-0.05486,0.031925,0.035099,-0.29962,0.180234,0.936879
41.43431,142.5671,-42.5332,-0.11639,-0.02919,0.032297,0.048108,-0.27268,0.1853,0.944092
41.43431,142.9332,-33.9454,-0.10408,-0.00945,0.040066,0.067001,-0.23853,0.152139,0.959143
41.43431,143.3003,-27.4316,-0.07576,-0.00056,0.057717,0.091104,-0.17505,0.134496,0.975331
41.4343,143.6333,-23.7816,-0.03332,0.00283,0.091875,0.129343,-0.11583,0.150831,0.98175
41.43429,144.0004,-20.7072,-0.00133,0.000484,0.116667,0.155761,-0.10086,0.1827,0.977981
41.13407,138.9994,-203.631,-0.00133,0.000484,0.088585,0.089529,-0.52243,0.063861,0.850287
41.1341,139.3665,-184.708,0.006261,0.002203,0.067817,0.068948,-0.53119,0.038314,0.846386
41.13412,139.6996,-166.899,0.037596,-0.00375,0.044343,0.045606,-0.53385,0.022209,0.845287
41.13413,140.0666,-147.498,0.070944,-0.01419,0.03676,0.037915,-0.52524,0.007485,0.85092
41.13413,140.4327,-128.782,0.102663,-0.03473,0.032761,0.033703,-0.51801,-0.0054,0.855358
41.13414,140.7998,-110.231,0.107795,-0.06419,0.030198,0.030627,-0.51951,-0.01276,0.85437
41.13414,141.1328,-92.9935,0.072206,-0.0959,0.029544,0.029135,-0.52522,-0.00304,0.850959
41.13414,141.4999,-73.6515,0.000317,-0.11682,0.030797,0.028951,-0.50254,0.033424,0.863911
41.13414,141.867,-56.6562,-0.07351,-0.1086,0.031936,0.028855,-0.42646,0.083263,0.900665
41.13414,142.2,-45.4064,-0.11972,-0.07849,0.031646,0.032552,-0.32246,0.112711,0.939849
41.13414,142.5671,-36.3623,-0.13379,-0.0422,0.031698,0.042963,-0.25938,0.116283,0.958749
41.13414,142.9332,-28.9403,-0.11804,-0.01435,0.037327,0.059741,-0.2137,0.101765,0.971585
41.13414,143.3003,-23.1013,-0.085,-0.00175,0.052454,0.082148,-0.1711,0.093285,0.980828
41.13413,143.6333,-18.9506,-0.03695,0.003331,0.083889,0.118335,-0.135,0.100249,0.985762
41.13413,144.0004,-15.1244,-0.00133,0.000484,0.107115,0.143439,-0.12285,0.115812,0.985645
40.83392,138.9995,-201.393,-0.00133,0.000484,0.081923,0.081365,-0.5122,0.064149,0.856469
40.83395,139.3665,-182.942,0.010299,-0.00222,0.062737,0.06268,-0.52015,0.062022,0.851819
40.83396,139.6996,-165.417,0.044718,-0.01231,0.041624,0.042554,-0.51976,0.055038,0.852541
40.83397,140.0667,-146.873,0.07806,-0.025,0.035176,0.036776,-0.51097,0.041503,0.858599
40.83398,140.4327,-128.652,0.108184,-0.04697,0.03137,0.033056,-0.50842,0.027686,0.860667
40.83398,140.7998,-110.284,0.114823,-0.07832,0.028538,0.029653,-0.51729,0.019165,0.855597
40.83399,141.1329,-92.9805,0.085648,-0.11327,0.027435,0.027771,-0.53523,0.026022,0.844309
40.83399,141.4999,-72.9393,0.021263,-0.13771,0.028418,0.027656,-0.5214,0.040545,0.852351
40.83399,141.867,-54.8584,-0.04873,-0.12801,0.029953,0.027601,-0.44394,0.043897,0.894981
40.83399,142.2,-43.2971,-0.09001,-0.09171,0.030138,0.030314,-0.32859,0.043232,0.943485
40.83399,142.5671,-34.1544,-0.09641,-0.0494,0.030235,0.039218,-0.25595,0.040242,0.965853
40.83399,142.9332,-26.8857,-0.07733,-0.01872,0.035067,0.054481,-0.20731,0.037108,0.977572
40.83398,143.3002,-21.0739,-0.05195,-0.00479,0.048651,0.07533,-0.17082,0.036145,0.984639
40.83398,143.6333,-16.7799,-0.02202,0.002084,0.078003,0.109523,-0.14172,0.039104,0.989135
40.83397,144.0003,-12.686,-0.00133,0.000484,0.099979,0.133403,-0.13107,0.044139,0.99039
40.53378,138.9995,-200.005,-0.00105,-0.00011,0.076826,0.075869,-0.51862,0.064931,0.852537
40.53381,139.3666,-180.908,0.016932,-0.0074,0.058657,0.058626,-0.51965,0.066564,0.851785
40.53382,139.6996,-163.585,0.052846,-0.02102,0.039258,0.040961,-0.51344,0.062121,0.855874
40.53384,140.0667,-145.156,0.083008,-0.03492,0.033872,0.036407,-0.50292,0.058134,0.862376
40.53384,140.4328,-127.38,0.107612,-0.05639,0.03052,0.032754,-0.49837,0.054129,0.865273
40.53385,140.7998,-109.469,0.115671,-0.0863,0.027785,0.028985,-0.51565,0.047144,0.855499
40.53385,141.1329,-91.4565,0.100862,-0.11867,0.026333,0.026696,-0.54355,0.042759,0.838289
40.53385,141.4999,-70.533,0.061877,-0.13733,0.026787,0.02649,-0.5207,0.037037,0.852939
40.53385,141.867,-53.4073,0.019538,-0.12072,0.02835,0.026564,-0.43276,0.031839,0.900947
40.53385,142.2,-42.2865,0.004283,-0.08386,0.028808,0.028701,-0.31947,0.025276,0.947261
40.53385,142.5671,-33.4718,0.016451,-0.04806,0.02885,0.036388,-0.24951,0.017532,0.968213
40.53385,142.9331,-26.2788,0.033222,-0.02538,0.033187,0.05031,-0.20396,0.012322,0.978903
40.53385,143.3002,-20.5215,0.032031,-0.01338,0.045848,0.069809,-0.17044,0.010812,0.98531
40.53384,143.6333,-16.1111,0.014425,-0.00279,0.074009,0.102471,-0.14412,0.011826,0.98949
40.53383,144.0003,-11.9531,-0.00133,0.000484,0.095261,0.12547,-0.13343,0.015453,0.990938
40.23366,138.9996,-197.698,0.000434,-0.0009,0.072169,0.070941,-0.51662,0.077154,0.852734
40.23369,139.3666,-178.768,0.025211,-0.01071,0.054727,0.054745,-0.51619,0.08017,0.852715
40.2337,139.6997,-161.64,0.060809,-0.02486,0.036772,0.038903,-0.50899,0.08174,0.856882
40.23371,140.0667,-143.238,0.084957,-0.03742,0.032476,0.035266,-0.50034,0.076494,0.862446
40.23372,140.4328,-125.122,0.100885,-0.05642,0.029722,0.031808,-0.49606,0.066007,0.865776
40.23372,140.7998,-107.21,0.109717,-0.08374,0.027149,0.028072,-0.50818,0.06031,0.859136
40.23373,141.1329,-89.9685,0.115119,-0.11146,0.025335,0.025791,-0.52827,0.051906,0.847486
40.23373,141.4999,-70.2784,0.121158,-0.12011,0.025306,0.025846,-0.51267,0.030436,0.858049
40.23373,141.867,-52.535,0.142511,-0.0972,0.027019,0.026361,-0.433,0.024106,0.90107
40.23373,142.2,-41.4595,0.183266,-0.07004,0.027949,0.027852,-0.31342,0.020535,0.949391
40.23373,142.5671,-32.8634,0.21968,-0.05476,0.028002,0.033975,-0.24183,0.014448,0.970211
40.23373,142.9331,-25.9338,0.216939,-0.04714,0.03184,0.046519,-0.19913,0.007867,0.979942
40.23372,143.3002,-20.1906,0.164972,-0.03521,0.043886,0.064917,-0.16889,0.00515,0.985621
40.23372,143.6332,-15.82,0.070092,-0.01417,0.071383,0.096463,-0.14592,0.005146,0.989283
40.23371,144.0003,-11.4432,0.000044,0.001124,0.09222,0.118831,-0.13854,0.009192,0.990314
39.96697,138.9996,-195.602,0.001329,-0.00048,0.068955,0.067114,-0.52099,0.083112,0.849509
39.96699,139.3667,-176.16,0.032379,-0.01089,0.05202,0.051617,-0.52193,0.084666,0.848778
39.96701,139.6997,-158.479,0.06432,-0.02112,0.035286,0.037132,-0.50877,0.088511,0.856342
39.96702,140.0668,-140.308,0.079479,-0.02928,0.03185,0.03419,-0.48871,0.084348,0.868357
39.96702,140.4328,-123.295,0.085349,-0.04505,0.029427,0.030957,-0.48425,0.07194,0.871968
39.96703,140.7999,-105.547,0.096839,-0.07368,0.026867,0.027462,-0.50785,0.061194,0.859269
39.96703,141.1329,-87.782,0.128528,-0.10603,0.024874,0.025404,-0.52253,0.062321,0.850341
39.96703,141.4999,-68.726,0.194228,-0.11893,0.024731,0.025762,-0.49813,0.049331,0.865698
39.96703,141.867,-51.765,0.306454,-0.10449,0.026581,0.026679,-0.42133,0.033833,0.906278
39.96703,142.2,-40.856,0.422218,-0.09485,0.027832,0.027632,-0.30595,0.016428,0.951907
39.96703,142.5671,-32.4273,0.47703,-0.09807,0.028017,0.032436,-0.23578,0.009806,0.971756
39.96703,142.9331,-25.6785,0.435792,-0.09545,0.031811,0.043896,-0.19418,0.004869,0.980954
39.96703,143.3002,-20.0503,0.318012,-0.07338,0.043758,0.061463,-0.16691,0.002569,0.985968
39.96702,143.6332,-15.6601,0.133114,-0.03152,0.071056,0.092285,-0.14773,0.003776,0.989021
39.96702,144.0002,-11.1704,0.001329,-0.00048,0.09174,0.1143,-0.14222,0.008088,0.989802
39.66687,138.9997,-192.84,0.001329,-0.00048,0.067078,0.064252,-0.51585,0.089558,0.851985
39.6669,139.3667,-173.765,0.036288,-0.00803,0.050517,0.049261,-0.51966,0.087101,0.849922
39.66691,139.6998,-156.006,0.059423,-0.01007,0.034709,0.035848,-0.5073,0.082893,0.857773
39.66693,140.0668,-137.812,0.062188,-0.01056,0.03178,0.033428,-0.48746,0.076203,0.869817
39.66693,140.4328,-120.557,0.059181,-0.02318,0.029366,0.030369,-0.47882,0.078198,0.874424
39.66694,140.7999,-103.408,0.081557,-0.06087,0.026716,0.027141,-0.50271,0.075237,0.861174
39.66694,141.1329,-85.5154,0.152763,-0.11642,0.024865,0.025301,-0.51616,0.069244,0.85369
39.66694,141.5,-66.9013,0.289699,-0.16324,0.024973,0.025695,-0.48662,0.050092,0.872175
39.66694,141.867,-50.1921,0.491983,-0.18242,0.026811,0.026822,-0.40313,0.03461,0.91449
39.66694,142.2,-40.4639,0.669327,-0.19114,0.028071,0.027775,-0.28923,0.01616,0.957123
39.66694,142.5671,-32.1232,0.724849,-0.19132,0.028612,0.032043,-0.23089,0.008169,0.972947
39.66694,142.9331,-25.5155,0.637654,-0.17002,0.033216,0.042675,-0.19061,0.003722,0.98166
39.66693,143.3001,-19.9001,0.457089,-0.12422,0.04568,0.059596,-0.16651,0.001509,0.986038
39.66693,143.6332,-15.4181,0.188853,-0.05205,0.07311,0.089971,-0.15125,0.002537,0.988492
39.66692,144.0002,-10.7263,0.001329,-0.00048,0.093789,0.111813,-0.14776,0.008455,0.988987
39.3668,138.9997,-189.947,0.001329,-0.00048,0.064987,0.060925,-0.52035,0.101873,0.847857
39.36682,139.3668,-170.432,0.035442,-0.00395,0.048804,0.046506,-0.51718,0.110312,0.848737
39.36684,139.6998,-152.996,0.04432,0.004338,0.033784,0.034264,-0.49543,0.106649,0.862075
39.36685,140.0668,-135.411,0.032953,0.012898,0.031211,0.032404,-0.48081,0.090531,0.872138
39.36685,140.4329,-117.899,0.027819,0.003208,0.028799,0.029592,-0.48162,0.084207,0.872324
39.36686,140.7999,-100.251,0.079537,-0.04872,0.026247,0.026733,-0.50209,0.084402,0.860686
39.36686,141.1329,-82.5647,0.213485,-0.14035,0.024941,0.025161,-0.50211,0.07827,0.861256
39.36686,141.5,-65.1935,0.426291,-0.2401,0.025543,0.025646,-0.46672,0.062092,0.882225
39.36686,141.867,-49.2235,0.67184,-0.3025,0.026958,0.027168,-0.38631,0.042936,0.921368
39.36686,142.2,-39.8264,0.843782,-0.31858,0.028109,0.028443,-0.27623,0.026344,0.96073
39.36686,142.567,-31.7814,0.87561,-0.29581,0.029828,0.032127,-0.22321,0.013467,0.974678
39.36686,142.9331,-25.3099,0.759605,-0.24389,0.035891,0.041976,-0.18586,0.006103,0.982558
39.36686,143.3001,-19.8113,0.542602,-0.17138,0.049022,0.058453,-0.16405,0.002007,0.98645
39.36685,143.6331,-15.3397,0.223277,-0.06964,0.076527,0.08857,-0.1539,0.001704,0.988086
39.36685,144.0002,-10.3789,0.001329,-0.00048,0.097164,0.110318,-0.15363,0.00343,0.988123
39.06673,138.9998,-186.193,0.001329,-0.00048,0.062491,0.057259,-0.52777,0.120929,0.840737
39.06676,139.3668,-166.086,0.03247,-0.00163,0.046684,0.043482,-0.51893,0.130415,0.844807
39.06678,139.6999,-148.578,0.026607,0.014658,0.03235,0.032487,-0.483,0.129228,0.866035
39.06679,140.0669,-131.829,0.004124,0.030117,0.030063,0.031164,-0.46519,0.113337,0.877924
39.06679,140.4329,-114.847,0.00697,0.022199,0.027794,0.028638,-0.47465,0.098847,0.874607
39.0668,140.7999,-97.3079,0.104224,-0.04038,0.025609,0.026237,-0.49826,0.092652,0.862064
39.0668,141.1329,-79.7077,0.312484,-0.15594,0.025039,0.025115,-0.49548,0.08298,0.864644
39.0668,141.5,-62.382,0.584016,-0.28521,0.02626,0.025894,-0.45331,0.069682,0.888628
39.0668,141.867,-47.1675,0.809986,-0.36001,0.027234,0.0275,-0.36546,0.049709,0.929497
39.0668,142.2,-38.6352,0.923187,-0.3722,0.02839,0.028691,-0.2571,0.033808,0.965792
39.0668,142.567,-31.16,0.919199,-0.34237,0.031777,0.032188,-0.21078,0.019623,0.977336
39.0668,142.9331,-24.9937,0.79196,-0.27984,0.039538,0.041887,-0.17887,0.010215,0.983819
39.06679,143.3001,-19.6423,0.566606,-0.19528,0.053355,0.058262,-0.16135,0.005707,0.986881
39.06679,143.6331,-15.1335,0.233117,-0.07867,0.080892,0.088271,-0.15383,0.005459,0.988083
39.06678,144.0001,-10.2656,0.001329,-0.00048,0.101451,0.109955,-0.15321,0.008079,0.98816
38.79999,138.9999,-182.2,0.001329,-0.00048,0.060878,0.054884,-0.53454,0.142545,0.833033
38.80002,139.3669,-161.681,0.03147,-0.00286,0.045341,0.041615,-0.51654,0.154994,0.842117
38.80003,139.6999,-144.339,0.016694,0.01691,0.031397,0.031453,-0.47149,0.141925,0.870377
38.80004,140.0669,-128.037,-0.01001,0.035692,0.02921,0.030371,-0.45285,0.129497,0.882134
38.80005,140.4329,-111.49,0.008979,0.027689,0.027075,0.027975,-0.46736,0.118767,0.876051
38.80005,140.7999,-93.9,0.154174,-0.03976,0.025296,0.026003,-0.49027,0.110036,0.864597
38.80005,141.133,-76.8361,0.42296,-0.15912,0.025303,0.025477,-0.48042,0.093241,0.872069
38.80005,141.5,-60.3485,0.71697,-0.28347,0.02703,0.026495,-0.43357,0.072087,0.898234
38.80005,141.867,-45.9656,0.893212,-0.34835,0.027981,0.027898,-0.3487,0.042906,0.936252
38.80005,142.2,-37.6,0.94924,-0.35922,0.029486,0.029441,-0.24681,0.033583,0.968481
38.80005,142.567,-30.4771,0.910617,-0.33511,0.034437,0.033693,-0.20054,0.023785,0.979398
38.80005,142.933,-24.5788,0.774551,-0.2785,0.043941,0.043804,-0.17243,0.015707,0.984897
38.80005,143.3001,-19.3361,0.553113,-0.19603,0.058679,0.060276,-0.15869,0.01111,0.987265
38.80005,143.6331,-14.8402,0.226968,-0.0793,0.086547,0.090271,-0.15721,0.011396,0.9875
38.80004,144.0001,-9.64965,0.001329,-0.00048,0.107163,0.111956,-0.16091,0.019319,0.98678
38.49996,138.9999,-176.75,0.001329,-0.00048,0.059942,0.053775,-0.54594,0.178747,0.818533
38.49998,139.3669,-154.907,0.03639,-0.00835,0.04461,0.040827,-0.50515,0.175109,0.84508
38.5,139.6999,-139.258,0.022215,0.010148,0.030929,0.031002,-0.45065,0.152217,0.879629
38.50001,140.0669,-123.295,-0.00086,0.029079,0.028806,0.029912,-0.44421,0.142847,0.884463
38.50002,140.433,-106.94,0.03858,0.019683,0.026815,0.027549,-0.45995,0.133471,0.877855
38.50002,140.8,-89.6459,0.223046,-0.04828,0.025476,0.02606,-0.47787,0.125317,0.869449
38.50002,141.133,-73.2865,0.523182,-0.15676,0.025832,0.026272,-0.46389,0.107138,0.879388
38.50002,141.5,-57.3723,0.803845,-0.25537,0.027754,0.027668,-0.40762,0.091592,0.908546
38.50002,141.867,-44.582,0.928381,-0.30428,0.029084,0.028989,-0.32365,0.058271,0.94438
38.50002,142.2,-36.3738,0.94083,-0.31685,0.031435,0.031232,-0.23701,0.040788,0.97065
38.50002,142.567,-29.5746,0.874969,-0.30112,0.037696,0.036741,-0.19124,0.029496,0.9811
38.50002,142.933,-23.9059,0.731363,-0.25482,0.048617,0.047617,-0.16576,0.021728,0.985927
38.50002,143.3,-18.8285,0.518723,-0.18126,0.064341,0.064341,-0.15558,0.016129,0.987692
38.50002,143.633,-14.2964,0.211433,-0.0738,0.092864,0.094428,-0.16181,0.016423,0.986686
38.50001,144.0001,-8.80932,0.001329,-0.00048,0.113753,0.116196,-0.17021,0.026403,0.985054
38.19994,139,-169.1,0.001329,-0.00048,0.057359,0.051581,-0.53159,0.194221,0.824436
38.19997,139.367,-148.089,0.05017,-0.01699,0.042456,0.039012,-0.4835,0.167862,0.859097
38.19998,139.7,-133.941,0.048365,-0.00363,0.029488,0.029613,-0.43444,0.153059,0.887602
38.19999,140.067,-117.942,0.035856,0.013342,0.027726,0.028612,-0.43883,0.143874,0.886979
38.2,140.433,-102.011,0.092705,0.002802,0.026148,0.026531,-0.45561,0.142954,0.878629
38.2,140.8,-84.6,0.293795,-0.06164,0.025426,0.025755,-0.46623,0.139713,0.873562
38.2,141.133,-69.1411,0.585433,-0.15312,0.025987,0.026662,-0.44577,0.116615,0.887522
38.2,141.5,-53.533,0.828799,-0.22486,0.027719,0.028306,-0.38465,0.088849,0.918777
38.2,141.867,-42.1338,0.917414,-0.26029,0.029488,0.029502,-0.2945,0.064527,0.95347
38.2,142.2,-34.8,0.902485,-0.27269,0.032946,0.032533,-0.21983,0.047983,0.974357
38.2,142.567,-28.4288,0.817909,-0.26162,0.040366,0.039562,-0.18146,0.038417,0.982647
38.2,142.933,-23.0087,0.670271,-0.22271,0.052383,0.051605,-0.15869,0.031683,0.98682
38.2,143.3,-18.153,0.470297,-0.15882,0.069036,0.068907,-0.15153,0.026675,0.988093
38.2,143.633,-13.6265,0.189606,-0.06468,0.098275,0.099218,-0.16666,0.024896,0.985699
38.19999,144,-7.61387,0.001329,-0.00048,0.119457,0.121045,-0.18095,0.025655,0.983158
37.93324,139,-163.241,0.001329,-0.00048,0.055062,0.049961,-0.50438,0.193444,0.841537
37.93326,139.367,-143.441,0.069829,-0.02557,0.040555,0.037551,-0.46931,0.145203,0.871012
37.93328,139.7,-129.245,0.086454,-0.01781,0.028406,0.028442,-0.42785,0.142071,0.892612
37.93329,140.067,-113.838,0.085792,-0.00299,0.027037,0.027582,-0.43932,0.140817,0.887225
37.9333,140.433,-97.2518,0.149392,-0.01371,0.025926,0.025893,-0.46006,0.152022,0.874777
37.9333,140.8,-79.7604,0.340749,-0.07304,0.025857,0.02572,-0.4543,0.151443,0.87788
37.9333,141.133,-65.2884,0.596375,-0.15065,0.026655,0.027017,-0.41372,0.128682,0.901266
37.9333,141.5,-51.4745,0.797818,-0.20758,0.02812,0.028703,-0.35651,0.086333,0.930294
37.9333,141.867,-40.4374,0.864618,-0.23339,0.030013,0.030171,-0.28097,0.062215,0.957697
37.9333,142.2,-33.3109,0.834754,-0.23953,0.034567,0.03447,-0.21228,0.054536,0.975685
37.9333,142.567,-27.0628,0.739819,-0.22611,0.043347,0.043293,-0.17607,0.050585,0.983076
37.9333,142.933,-21.7956,0.593459,-0.18998,0.056565,0.056768,-0.15407,0.046091,0.986985
37.9333,143.3,-17.0285,0.410604,-0.13428,0.074226,0.074927,-0.14849,0.042203,0.988013
37.9333,143.633,-12.5593,0.162779,-0.05401,0.104362,0.105765,-0.16332,0.040241,0.985753
37.93329,144,-6.91743,0.001329,-0.00048,0.125962,0.127795,-0.17615,0.040853,0.983516
37.63325,139.0001,-155.85,0.001329,-0.00048,0.05314,0.048674,-0.45635,0.182579,0.870865
37.63328,139.367,-139.109,0.091088,-0.03217,0.039026,0.036295,-0.44631,0.154834,0.881382
37.63329,139.7,-124.608,0.126749,-0.02801,0.02773,0.027473,-0.43319,0.159683,0.887047
37.6333,140.067,-108.801,0.134482,-0.01388,0.02667,0.026844,-0.44541,0.17626,0.877804
37.63331,140.433,-91.4765,0.191327,-0.025,0.025859,0.025602,-0.46215,0.177506,0.868857
37.63331,140.8,-73.9353,0.347619,-0.08157,0.026398,0.02584,-0.44089,0.169546,0.881403
37.63331,141.133,-60.2111,0.55004,-0.15069,0.027612,0.027136,-0.38021,0.141355,0.914034
37.63331,141.5,-48.0624,0.710928,-0.19901,0.028971,0.028957,-0.32031,0.104425,0.94154
37.63331,141.867,-38.2204,0.764749,-0.21644,0.030805,0.031401,-0.26156,0.076673,0.962137
37.63331,142.2,-31.2767,0.730365,-0.21301,0.036312,0.037407,-0.20674,0.06691,0.976106
37.63331,142.567,-25.1138,0.633946,-0.19251,0.046585,0.048046,-0.17186,0.062612,0.983129
37.63331,142.933,-19.9797,0.494753,-0.15564,0.061207,0.062996,-0.14943,0.058319,0.987051
37.63331,143.3,-15.3546,0.335133,-0.10725,0.080042,0.082198,-0.1452,0.054193,0.987917
37.63331,143.633,-10.9234,0.12867,-0.04154,0.111309,0.113873,-0.16847,0.054565,0.984195
37.6333,144,-4.75878,0.001329,-0.00048,0.133495,0.136305,-0.18857,0.069639,0.979587
37.33328,139.0001,-150.391,0.001329,-0.00048,0.050374,0.046612,-0.45617,0.194924,0.86828
37.3333,139.3671,-133.156,0.108406,-0.03568,0.036866,0.034451,-0.4434,0.209822,0.87142
37.33332,139.7001,-118.201,0.155385,-0.03077,0.026678,0.026142,-0.44406,0.209134,0.871248
37.33333,140.0671,-100.958,0.164992,-0.01533,0.025976,0.025819,-0.44785,0.222832,0.865899
37.33333,140.4331,-84.1525,0.203969,-0.02905,0.025386,0.025125,-0.44686,0.211962,0.86913
37.33334,140.8,-67.1141,0.309085,-0.08665,0.026284,0.02577,-0.41147,0.18192,0.893083
37.33334,141.133,-55.196,0.451818,-0.14908,0.02782,0.027021,-0.34085,0.139698,0.929682
37.33334,141.5,-44.3172,0.577355,-0.18844,0.029281,0.029227,-0.29086,0.109014,0.950534
37.33334,141.867,-35.3494,0.623589,-0.1969,0.031333,0.032891,-0.2431,0.089905,0.965826
37.33334,142.2,-28.7506,0.590892,-0.18381,0.037821,0.040613,-0.19867,0.080039,0.976792
37.33334,142.567,-22.7464,0.497732,-0.15521,0.049564,0.052948,-0.16673,0.074471,0.983186
37.33334,142.933,-17.7603,0.370282,-0.11672,0.065664,0.069356,-0.14491,0.070184,0.986953
37.33334,143.3,-13.2746,0.237631,-0.07529,0.085808,0.089747,-0.14379,0.068737,0.987218
37.33333,143.6329,-8.81842,0.084046,-0.02643,0.118348,0.122476,-0.17587,0.071728,0.981797
37.33333,143.9999,-1.9089,-0.00088,0.000695,0.141178,0.145415,-0.2013,0.065566,0.977332
37.03332,139.0002,-142.007,0.001329,-0.00048,0.04779,0.045115,-0.47328,0.217411,0.853661
37.03334,139.3671,-123.668,0.116602,-0.03561,0.034887,0.033168,-0.44203,0.246621,0.86243
37.03336,139.7001,-109.739,0.162708,-0.029,0.025813,0.025193,-0.43712,0.254707,0.862586
37.03337,140.0671,-92.0128,0.169858,-0.01408,0.025374,0.0249,-0.44198,0.244902,0.862945
37.03338,140.4331,-75.5957,0.193225,-0.03314,0.024991,0.024608,-0.41787,0.219079,0.881698
37.03338,140.8001,-60.6137,0.252413,-0.08904,0.026021,0.025738,-0.36509,0.168309,0.915632
37.03338,141.133,-50.6239,0.344502,-0.14186,0.027632,0.027318,-0.30269,0.125145,0.944838
37.03338,141.5,-40.6352,0.440306,-0.17051,0.029406,0.030022,-0.27162,0.098028,0.957398
37.03338,141.867,-32.1337,0.47795,-0.16875,0.032113,0.034766,-0.23243,0.092571,0.968197
37.03338,142.2,-25.8275,0.444986,-0.14759,0.039788,0.044138,-0.19142,0.090288,0.977346
37.03338,142.567,-20.0076,0.354761,-0.11381,0.052971,0.058164,-0.16124,0.085732,0.983185
37.03338,142.933,-15.1704,0.228687,-0.07252,0.070534,0.076091,-0.14228,0.081892,0.986433
37.03338,143.2999,-10.6576,0.127151,-0.03995,0.092063,0.09781,-0.15007,0.083065,0.985179
37.03337,143.6329,-5.64461,0.02672,-0.00795,0.126051,0.131853,-0.1652,0.084425,0.982639
37.03337,143.9999,0,-0.00133,0.000484,0.149647,0.155468,-0.16231,0.024859,0.986427
36.73338,139.0002,-134.591,0.001329,-0.00048,0.044947,0.043477,-0.49174,0.217515,0.843138
36.7334,139.3672,-115.01,0.115919,-0.03182,0.032718,0.031832,-0.46754,0.233591,0.852553
36.73342,139.7002,-99.1777,0.15243,-0.0292,0.024777,0.02426,-0.43933,0.249253,0.863053
36.73343,140.0671,-82.5766,0.160145,-0.02394,0.024525,0.023819,-0.41821,0.235669,0.877248
36.73343,140.4331,-67.8021,0.186281,-0.05015,0.024366,0.023844,-0.37589,0.202568,0.904253
36.73344,140.8001,-55.3765,0.224217,-0.09718,0.025311,0.025366,-0.31658,0.157132,0.935462
36.73344,141.1331,-46.7317,0.283908,-0.13292,0.026718,0.027036,-0.26895,0.122043,0.95539
36.73344,141.5,-37.8264,0.352361,-0.14505,0.028771,0.030018,-0.25948,0.10012,0.960545
36.73344,141.867,-29.007,0.373528,-0.1335,0.032537,0.036092,-0.23514,0.099104,0.966896
36.73344,142.2,-22.5456,0.329371,-0.10821,0.041787,0.047433,-0.18937,0.102037,0.97659
36.73344,142.567,-16.8811,0.234791,-0.07391,0.056642,0.063393,-0.1555,0.096903,0.983072
36.73344,142.9329,-12.1834,0.11795,-0.03651,0.075825,0.083045,-0.14068,0.090689,0.985893
36.73343,143.2999,-7.62041,0.001329,-0.00048,0.09888,0.106286,-0.15553,0.094078,0.983341
36.73343,143.6329,-2.08681,-0.00077,0.000663,0.134461,0.141863,-0.12639,0.07947,0.988793
36.73343,143.9999,0,-0.00133,0.000484,0.158903,0.166274,-0.06907,-0.00144,0.997611
36.46684,139.0002,-126.929,0.001329,-0.00048,0.043028,0.042365,-0.5008,0.166036,0.849487
36.46687,139.3672,-107.765,0.113077,-0.02003,0.031286,0.030776,-0.4749,0.194014,0.858387
36.46688,139.7002,-91.9964,0.140261,-0.02932,0.024031,0.023546,-0.44153,0.19282,0.876284
36.46689,140.0672,-75.5467,0.156518,-0.04483,0.023871,0.023121,-0.40816,0.179023,0.895183
36.4669,140.4331,-61.8161,0.20813,-0.08115,0.02408,0.023345,-0.35266,0.168749,0.920408
36.4669,140.8001,-50.4776,0.252089,-0.11203,0.025002,0.024905,-0.28723,0.155327,0.945184
36.4669,141.1331,-42.8587,0.297924,-0.12189,0.026023,0.026514,-0.24623,0.138191,0.95931
36.4669,141.5,-34.3766,0.34312,-0.11601,0.028073,0.030198,-0.24894,0.12281,0.9607
36.4669,141.867,-25.7261,0.33219,-0.09889,0.033194,0.038122,-0.23402,0.115295,0.965371
36.4669,142.2,-19.1464,0.258333,-0.07307,0.044582,0.051674,-0.18695,0.117916,0.975267
36.4669,142.567,-13.7343,0.148949,-0.04182,0.061505,0.0697,-0.14485,0.11081,0.98323
36.4669,142.9329,-9.43384,0.047248,-0.01294,0.08254,0.091213,-0.13996,0.094482,0.985639
36.4669,143.2999,-4.37562,0.001107,-7E-06,0.107279,0.116129,-0.14549,0.09457,0.98483
36.4669,143.6329,0,-0.00133,0.000484,0.144678,0.153498,-0.0756,0.047806,0.995992
36.46689,143.9998,0,-0.00133,0.000484,0.170085,0.178851,-0.00793,-0.00016,0.999969
36.16693,139.0003,-123.451,0.001329,-0.00048,0.042183,0.041925,-0.55858,0.02921,0.828939
36.16695,139.3673,-101.306,0.117672,0.008858,0.030716,0.030091,-0.5039,0.107263,0.857077
36.16697,139.7002,-85.9856,0.132821,-0.01653,0.023459,0.023073,-0.43289,0.115544,0.89401
36.16698,140.0672,-70.6354,0.158814,-0.05999,0.023208,0.022814,-0.40384,0.100544,0.909289
36.16698,140.4332,-56.6282,0.250418,-0.11013,0.024019,0.023201,-0.35785,0.105895,0.927756
36.16698,140.8001,-45.2593,0.329278,-0.12455,0.025376,0.024556,-0.28551,0.123998,0.95032
36.16698,141.1331,-37.8489,0.390244,-0.11235,0.026098,0.026296,-0.23531,0.12657,0.963643
36.16698,141.5001,-29.9322,0.418387,-0.09748,0.027991,0.031392,-0.23774,0.118749,0.964043
36.16698,141.867,-21.6273,0.354708,-0.078,0.034695,0.041429,-0.23269,0.114204,0.965823
36.16698,142.2,-14.8157,0.219284,-0.04823,0.048607,0.05721,-0.18769,0.121788,0.974648
36.16698,142.5669,-9.61792,0.087656,-0.01936,0.067863,0.077337,-0.12837,0.122237,0.984164
36.16698,142.9329,-6.36596,0.001329,-0.00048,0.090888,0.100767,-0.12624,0.097642,0.987183
36.16698,143.2999,-0.87648,-0.00133,0.000484,0.117413,0.127452,-0.10616,0.061679,0.992435
36.16698,143.6328,0,-0.00133,0.000484,0.156878,0.16688,-0.02123,0.01717,0.999627
36.16697,143.9998,0,-0.00133,0.000484,0.183488,0.193428,0,0,1
35.86703,139.0003,-125.97,0.001329,-0.00048,0.041911,0.042749,-0.61128,-0.0075,0.791376
35.86705,139.3673,-99.6576,0.128039,0.052617,0.030739,0.030066,-0.54098,0.023071,0.840718
35.86707,139.7003,-83.9687,0.12344,0.020676,0.023156,0.023065,-0.43367,0.039292,0.900216
35.86708,140.0672,-69.0283,0.136847,-0.044,0.022595,0.022802,-0.40096,0.030927,0.915575
35.86708,140.4332,-54.7598,0.245305,-0.11057,0.024167,0.023013,-0.37671,0.023641,0.92603
35.86708,140.8001,-41.8473,0.385347,-0.13668,0.026335,0.024608,-0.30964,0.052191,0.949421
35.86709,141.1331,-34.1775,0.500347,-0.13213,0.027124,0.026837,-0.24092,0.074408,0.967688
35.86709,141.5001,-26.2871,0.517161,-0.11465,0.029146,0.03314,-0.23734,0.084342,0.967758
35.86709,141.867,-18.0099,0.392539,-0.082,0.037657,0.04538,-0.23639,0.086124,0.967835
35.86709,142.2,-10.7318,0.201118,-0.04053,0.054156,0.063677,-0.19481,0.084877,0.977162
35.86709,142.5669,-5.16491,0.001329,-0.00048,0.075783,0.086115,-0.123,0.084089,0.988838
35.86709,142.9329,-2.70122,-0.00133,0.000484,0.100783,0.111528,-0.08286,0.082467,0.993143
35.86708,143.2999,0,-0.00133,0.000484,0.129043,0.139978,-0.04914,0.021474,0.998561
35.86708,143.6328,0,-0.00133,0.000484,0.170637,0.181563,-0.00196,0.003478,0.999992
35.86707,143.9998,0,-0.00133,0.000484,0.198571,0.209442,0,0,1
35.56714,139.0004,-125.662,0.000484,0.001329,0.040295,0.045913,-0.60825,-0.06469,0.791102
35.56717,139.3673,-100.846,0.124099,0.085069,0.029373,0.031012,-0.55472,-0.02644,0.831617
35.56718,139.7003,-83.5351,0.095842,0.062038,0.022679,0.023024,-0.44457,0.004132,0.895734
35.56719,140.0672,-68.9497,0.076012,-0.00454,0.022182,0.022594,-0.38589,-0.00056,0.922546
35.5672,140.4332,-55.8117,0.153264,-0.08822,0.023945,0.022295,-0.37828,-0.02575,0.925332
35.5672,140.8002,-41.7178,0.318142,-0.15339,0.025919,0.023949,-0.33946,-0.00951,0.940574
35.5672,141.1331,-32.7733,0.466509,-0.17171,0.026981,0.026395,-0.26618,0.023403,0.96364
35.5672,141.5001,-24.1416,0.481753,-0.13848,0.031219,0.034694,-0.24821,0.046885,0.967571
35.5672,141.867,-15.695,0.349537,-0.08701,0.042964,0.050487,-0.23288,0.052914,0.971064
35.5672,142.2,-8.98691,0.162819,-0.03766,0.062432,0.072064,-0.18285,0.044074,0.982152
35.5672,142.5669,-4.03741,0.001329,-0.00048,0.086477,0.09716,-0.13091,0.037252,0.990695
35.5672,142.9329,0,-0.00133,0.000484,0.113377,0.124627,-0.06138,0.039345,0.997338
35.5672,143.2998,0,-0.00133,0.000484,0.143148,0.154688,-0.00596,0.005849,0.999965
35.5672,143.6328,0,-0.00133,0.000484,0.186584,0.198195,0,0,1
35.56719,143.9997,0,-0.00133,0.000484,0.215733,0.22731,0,0,1
35.30056,139.0004,-133.543,0.000484,0.001329,0.04914,0.064287,-0.64644,-0.17246,0.743219
35.30058,139.3674,-103.656,0.087764,0.082179,0.036712,0.045642,-0.59775,-0.0819,0.797491
35.3006,139.7003,-84.1061,0.043453,0.07408,0.030313,0.032651,-0.46629,-0.02971,0.884134
35.30061,140.0673,-69.3788,0.001008,0.029466,0.029866,0.030327,-0.37537,-0.01526,0.926748
35.30061,140.4332,-57.5084,0.025992,-0.04565,0.030633,0.028791,-0.36979,-0.03488,0.928459
35.30062,140.8002,-43.0376,0.143513,-0.11784,0.030972,0.030133,-0.35714,-0.03231,0.933492
35.30062,141.1331,-32.8475,0.252778,-0.13901,0.032647,0.034617,-0.29112,-0.00563,0.956671
35.30062,141.5001,-23.2971,0.268913,-0.10679,0.042069,0.046594,-0.26162,0.019338,0.964977
35.30062,141.867,-14.5688,0.19039,-0.06073,0.058667,0.066041,-0.23397,0.029458,0.971798
35.30062,142.2,-7.96532,0.085338,-0.02451,0.081365,0.090782,-0.18128,0.03008,0.982971
35.30062,142.5669,-2.90129,0.001329,-0.00048,0.107954,0.11865,-0.12152,0.033158,0.992036
35.30062,142.9329,0,-0.00133,0.000484,0.136935,0.148412,-0.04569,0.004642,0.998945
35.30061,143.2998,0,-0.00133,0.000484,0.168264,0.180197,0,0,1
35.30061,143.6328,0,-0.00133,0.000484,0.213995,0.226127,0,0,1
35.30061,143.9997,0,-0.00133,0.000484,0.244705,0.256839,0,0,1
35.0007,139.0005,-141.869,0.000484,0.001329,0.064933,0.084127,-0.68861,-0.15627,0.708097
35.00073,139.3674,-109.482,0.000484,0.001329,0.050554,0.063291,-0.65186,-0.09783,0.752003
35.00074,139.7004,-86.0989,0.000484,0.001329,0.042512,0.046488,-0.51476,-0.04517,0.856145
35.00075,140.0673,-70.0983,-0.00133,0.000484,0.041729,0.042549,-0.37794,-0.01907,0.925632
35.00076,140.4332,-58.7974,-0.00133,0.000484,0.041606,0.040314,-0.35855,-0.02879,0.933066
35.00076,140.8002,-44.413,-0.00048,-0.00133,0.041051,0.041569,-0.37086,-0.0303,0.928195
35.00076,141.1331,-33.288,0.001329,-0.00048,0.043287,0.047369,-0.31947,-0.01002,0.947542
35.00076,141.5001,-22.8719,0.001329,-0.00048,0.054697,0.060656,-0.2799,0.011983,0.959955
35.00076,141.867,-13.7457,0.001329,-0.00048,0.073229,0.080955,-0.23841,0.022758,0.970898
35.00076,142.2,-7.17761,0.001329,-0.00048,0.097302,0.10669,-0.18864,0.025349,0.98172
35.00076,142.5669,-1.47005,-0.00133,0.000484,0.125159,0.135792,-0.10678,0.034377,0.993688
35.00076,142.9329,0,-0.00133,0.000484,0.155295,0.166778,-0.02201,0.005167,0.999744
35.00076,143.2998,0,-0.00133,0.000484,0.187531,0.199551,0,0,1
35.00076,143.6327,0,-0.00133,0.000484,0.234642,0.246933,0,0,1
35.00075,143.9997,0,-0.00133,0.000484,0.266078,0.278401,0,0,1
